8e231565959107992dfeb8f5b02c2e451c4114da,DELETE,regular-file,node_modules/.cache/default-development/0.pack,4285,
4886cabd868413384337d46553e02af1fa51c5a1,DELETE,regular-file,node_modules/.cache/default-development/1.pack,1580454,
34852595124d2db8b61b14a7e7b91d685951439b,DELETE,regular-file,node_modules/.cache/default-development/11.pack,939352,
fc980bed74356c74c1c77b5ce3a9d9b389b20957,DELETE,regular-file,node_modules/.cache/default-development/12.pack,328849,
4f1bb8e182822fea53e11acbdd5f197301cb67f9,DELETE,regular-file,node_modules/.cache/default-development/13.pack,18084,
de17f80d2bbbd66d36613992dbfff58710670519,DELETE,regular-file,node_modules/.cache/default-development/14.pack,43778,
c3eaa77552e6a60074f6433e6818b63fbc585d75,DELETE,regular-file,node_modules/.cache/default-development/15.pack,7887,
7bf77d1fce57cdf4cbc611806691a05e5d853d43,DELETE,regular-file,node_modules/.cache/default-development/16.pack,309864,
a01f7799860e5a2f55cf4e6f091577e4c703063c,DELETE,regular-file,node_modules/.cache/default-development/17.pack,1070491,
a162480e1863f8f30a711c0c7dc9158d4bf2f20d,DELETE,regular-file,node_modules/.cache/default-development/18.pack,268521,
83a276db49d189c7d8ffda5ec918fe6ac2040772,DELETE,regular-file,node_modules/.cache/default-development/2.pack,46013,
c20fc5ff63b1812e50ca464d892c449105e7a52b,DELETE,regular-file,node_modules/.cache/default-development/3.pack,15481,
161d85f7752b506a5c9196139f8768982bdbf908,DELETE,regular-file,node_modules/.cache/default-development/4.pack,441740,
6bff0ec2ce297c988d7a2f10586a355948a99b4e,DELETE,regular-file,node_modules/.cache/default-development/5.pack,31176982,
d54967e59dd5c915269353be5183d8407a91470b,DELETE,regular-file,node_modules/.cache/default-development/6.pack,76545,
de42207a57f851ac793a373d48e2e6568f059c26,DELETE,regular-file,node_modules/.cache/default-development/7.pack,90686168,
ec5963b2719e1bacce66cbe069f5a55fc21923d8,DELETE,regular-file,node_modules/.cache/default-development/8.pack,12086,
0511a18316e226c1af039f3bf78376b3b9bf0039,DELETE,regular-file,node_modules/.cache/default-development/9.pack,91175,
ac1b8327d2aed1bf91b5e53aec7bb5c0169f20bb,DELETE,regular-file,node_modules/.cache/default-development/index.pack,2098151,
